序号,企业名称,行业分组,所在地,公司简介,所需自然资源,需求量级,需求确定性,信息来源
1,广西华锡有色金属股份有限公司,A 有色·冶金·矿业,南宁市（矿山：河池市南丹县、梧州市岑溪市）,1998年成立（由原南宁化工重组更名），控股股东广西华锡集团持股56.47%，实控广西国资委，上市代码600301。主营锡、锌、铅锑等有色金属采选冶，核心矿山为南丹大厂铜坑矿（350万吨/年）、高峰锡矿（33万吨/年）、岑溪佛子冲铅锌矿（45万吨/年）。2025年营收58.03亿元、净利8.01亿元，保有资源金属量429.48万吨，是国内锡锌龙头之一。,锡矿石/锡精矿、锌矿石/锌精矿、铅锑矿石、铜矿石、电力,资源以自给为主，另委外加工锡锭、锌锭；外购原料量级公开数据未披露,高,http://www.gxhuaxi.com/ ; http://www.sse.com.cn/
2,南方锰业集团有限责任公司,A 有色·冶金·矿业,崇左市江州区（矿山：崇左市大新县下雷镇）,2005年成立，曾用名中信大锰矿业（2021年1月更名），港股南方锰业01091，运营总部南宁。拥有大新下雷锰矿（储量近8000万吨，约占全国22%）及加蓬矿。2023年底电解金属锰产能23万吨、电解二氧化锰18.5万吨；2024年营收132.11亿港元。大新锰矿分公司电解金属锰产能7.3万吨/年。,锰矿石（碳酸锰/氧化锰）、电力、硫酸,锰矿石部分自给、部分外购及进口，年外购量级未披露；电解锰吨耗电约6000-7000度（估算）,高,https://www.southmn.com/ ; https://www.hkexnews.hk/
3,中国铝业股份有限公司广西分公司,A 有色·冶金·矿业,百色市平果市,2002年4月由原平果铝业公司生产经营性资产组建（前身1987年成立），隶属中铝股份601600。具备600万吨铝土矿、250万吨氧化铝、80万吨铁精矿、100吨镓、13万吨阳极、155万吨码头航运能力，是中国南方最大氧化铝基地，自备热电装机11.7万千瓦。,铝土矿、石灰石、电力/热力,250万吨氧化铝对应铝土矿需求约600万吨/年（按拜耳法单耗2.3-2.5吨/吨估算，与自有矿产能口径一致）,高,http://www.chalco.com.cn/ ; http://www.gxzf.gov.cn/
4,广西华银铝业有限公司,A 有色·冶金·矿业,百色市德保县,2003年成立，股东为广投银海铝业（广西投资集团）34%、中国铝业33%、五矿铝业33%，实控广西国资委。德保县工信局2022年确认氧化铝产能230多万吨，配套铝土矿自采约600万吨/年；2025年推进1#2#系列掺配进口矿改造以满足120万吨/年氧化铝线需求。,铝土矿（自采+进口）、石灰石、煤、电力,230万吨氧化铝对应铝土矿约500-600万吨/年（估算）,高,http://www.debao.gov.cn/ ; http://sthjt.gxzf.gov.cn/
5,广西信发铝电有限公司,A 有色·冶金·矿业,百色市靖西市渠洋镇,2007年成立，位于靖西铝工业区，信发集团投资（实控人张刚）。环评批复确认现有300万吨/年氧化铝、32万吨/年电解铝，配套自备热电站；大甲矿山原矿开采659.577万吨/年、产合格铝土矿260万吨/年；2025年以10.12亿元竞得龙州县金龙矿区铝土矿采矿权（净矿石774.67万吨）。,铝土矿、石灰石、煤、电力,32万吨电解铝对应氧化铝约61.4万吨（1:1.92单耗估算）；300万吨氧化铝对应铝土矿约690万吨（估算）,高,http://sthjt.gxzf.gov.cn/ ; http://www.gxzf.gov.cn/
6,广西来宾广投银海铝业有限责任公司,A 有色·冶金·矿业,来宾市兴宾区迁江镇,2007年成立，曾用名广西来宾银海铝业，广西铝业集团100%持股（广投系，实控广西国资委）。分两期建成年产50万吨铝水（一期330kA 25万吨、二期420kA 25万吨），2023年完成一期技改。政府口径：满产年消纳区内氧化铝100万吨、碳阳极25万吨、约70亿度电。,氧化铝、阳极炭块、氟化铝、电力,按50万吨电解铝×1.92推算氧化铝需求约96万吨（估算，与政府100万吨口径吻合）,高,http://www.laibin.gov.cn/ ; http://www.gxzf.gov.cn/
7,广西中金岭南矿业有限责任公司,A 有色·冶金·矿业,来宾市武宣县桐岭镇,2001年成立，原名武宣县盘龙铅锌矿；中金岭南（000060）2008年收购55%、2021年持股100%，实控广东省广晟控股。采矿权210.8万吨/年，现日处理近3000吨、年处理矿石80万吨，年产铅锌金属约2.5-2.7万吨，主产铅精矿、锌精矿及重晶石；6000t/d扩产改造投产后矿石处理能力升至198万吨/年、铅锌金属5-6万吨，并回收白云石。,铅锌矿石（自给为主）、重晶石、白云石、电力,原料以自有盘龙铅锌矿自给为主，外购量公开数据未披露,高,http://www.cninfo.com.cn/ ; http://www.wuxuan.gov.cn/
8,广西金川有色金属有限公司,A 有色·冶金·矿业,防城港市港口区企沙镇,2010年成立，位于企沙工业区，金川集团铜贵有限公司控股70%，实控甘肃省国资委。一期40万吨双闪矿产铜2013年投产，二期30万吨数字化升级2025年纳入生产，形成80万吨铜产品/年、300万吨硫酸、6吨铼酸铵，2025年营收667亿元；在防城口岸进口铜精矿（AEO企业）。,铜精矿（进口为主）、硫、电力,一期用量175万吨/年产40万吨阴极铜，升级项目年处理干基铜精矿138.7万吨；80万吨铜产品对应铜精矿约310-350万吨/年（估算）,高,http://www.jinchuan-group.com/ ; http://www.gxzf.gov.cn/
9,广西柳州钢铁集团有限公司,A 有色·冶金·矿业,柳州市柳北区（另有防城港基地）,集团1981年成立，广西国资委国有独资，上市平台柳钢股份601003。柳钢股份2025年商品坯材产量2074.25万吨，营收688.91亿元、净利6.71亿元实现扭亏，为广西最大钢铁企业。集团经营范围含矿山开采及石灰石销售。,铁矿石、煤（焦煤/无烟煤）、废钢、石灰石、锰硅合金、萤石、电力,2025年采购量：铁矿石3048.69万吨、煤1447.48万吨、废钢324.36万吨；石灰石部分自给，年用量未披露,高,http://www.liuzhousteel.com/ ; http://www.sse.com.cn/
10,广西盛隆冶金有限公司,B 钢铁·建材·非金属矿,防城港市港口区,2003年6月成立，民营千万吨级钢铁企业，主打桂万钢品牌。2023年钢材产量1531万吨、营收超千亿元，为广西民营钢企龙头。,铁矿石、烧结矿/球团矿、焦炭/喷吹煤、废钢、石灰石/白云石、锰矿（锰硅合金）,非上市公司无强制披露，年采购量公开数据未披露,中,https://www.gxslyj.com/ ; https://www.fcgs.gov.cn/
11,广西贵港钢铁集团有限公司,B 钢铁·建材·非金属矿,贵港市港北区,2003年3月成立，具备450万吨钢产能，2024年产钢279.3万吨、营收250.8亿元，为贵港市骨干钢铁企业。,铁矿石、球团矿、焦炭/喷吹煤、废钢、石灰石/白云石、锰硅合金,非上市公司，年采购量公开数据未披露,中,https://www.guisteel.com/
12,广西柳州鱼峰水泥有限公司,B 钢铁·建材·非金属矿,柳州市,原广西鱼峰水泥股份有限公司，2022年12月更名，现隶属广西北部湾国际港务集团。熟料产能450万吨/年，为广西本土历史最久的水泥品牌之一。,石灰石、砂岩（硅质原料）、粘土、铁质校正料、石膏、煤,按450万吨熟料、石灰石单耗1.1-1.3 t/t估算，年需石灰石约495-585万吨（估算）,中,https://www.ccement.com/
13,华润水泥（平南）有限公司,B 钢铁·建材·非金属矿,贵港市平南县丹竹镇,2003年11月成立，隶属港股华润水泥控股01313.HK。二期2×4000t/d熟料线技改提升后按2×6000t/d级运行；自有团结（220万吨/年）、河景（209万吨/年）、石灰塘（210万吨/年）三处石灰石矿山，合计自有石灰石产能约639万吨/年。,石灰石（自有矿山）、砂岩、粘土、石膏、铁质校正料、煤,按12000t/d、330天、单耗1.1-1.3 t/t估算，年需石灰石约435-515万吨（估算）,高,http://www.pnxzf.gov.cn/ ; https://gxt.gxzf.gov.cn/
14,兴业葵阳海螺水泥有限责任公司,B 钢铁·建材·非金属矿,玉林市兴业县葵阳镇,安徽海螺水泥（600585.SH / 00914.HK）全资子公司，建有2条5000t/d新型干法熟料线，年产销水泥约500万吨；配套清湾矿区石灰岩矿山扩建生产规模906万吨/年。,石灰石、砂岩、粘土、铁质校正料、石膏、煤,按10000t/d、330天、单耗1.1-1.3 t/t估算，年需石灰石约363-429万吨（估算）,高,https://www.conch.cn/ ; http://www.xingye.gov.cn/
15,台泥（贵港）水泥有限公司,B 钢铁·建材·非金属矿,贵港市覃塘区黄练镇,台泥企业集团（台湾上市1101）投资，2005年设立、2008年投产，建有4条6000t/d新型干法熟料线，年产水泥约900万吨，是广西单厂规模最大的水泥基地之一。,石灰石、砂岩、粘土、石膏、铁质校正料、煤,按24000t/d、330天、单耗1.1-1.3 t/t估算，年需石灰石约871-1030万吨（估算）,中,https://www.ccement.com/
16,信义玻璃（广西）有限公司,B 钢铁·建材·非金属矿,北海市铁山港区,香港信义玻璃00868.HK投资建设，北海信义玻璃产业园总投122亿元、占地约186公顷，分三期。一期6条线（2×1100t/d浮法、2×1000t/d光伏、2×500t/d汽车玻璃）2019年底起陆续投产，形成光伏玻璃2000吨/天能力，年产值约50亿元。2020年竞得铁山港区东北部石英砂采矿权（保有储量1162.25万吨、可采815.03万吨）。,石英砂（自有采矿权）、纯碱、白云石、石灰石,一期年需求石英砂超125万吨；全部三期投产后年消耗石英砂250万吨以上（企业公开表述）,高,http://www.beihai.gov.cn/ ; http://www.hepu.gov.cn/
17,广西新福兴硅科技有限公司,B 钢铁·建材·非金属矿,北海市合浦县,位于北海市合浦县，规划建设4条1200t/d光伏玻璃生产线（已建成投产2条），年产光伏玻璃150万吨，2025年产值41.28亿元。,低铁石英砂、纯碱、白云石、石灰石,企业公开表述每年原料需求超百万吨石英砂,高,http://www.beihai.gov.cn/
18,广西贺州市科隆粉体有限公司,B 钢铁·建材·非金属矿,贺州市平桂区黄田镇,1997年7月成立，民营企业，国家专精特新小巨人、中国碳酸钙行业重钙十强，参与起草《工业用重质碳酸钙》等行业标准。拥有自有碳酸钙原料矿山，工厂占地521亩，建有集中式原料破碎站、万吨级均化站及球磨、立磨、环辊磨、连续式表面处理等100余条生产线。,大理岩/方解石（碳酸钙原矿）,重质碳酸钙年产能300万吨以上，按粉体与原矿近1:1折算，年需原矿约300万吨以上（估算）,高,http://www.kelong-powder.com/ ; http://www.pinggui.gov.cn/
19,中国石油天然气股份有限公司广西石化分公司,C 石化·化工·锂电材料,钦州市·钦州港经开区,2006年落户钦州，中国石油601857.SH下属分公司。2006年建成1000万吨常减压炼厂，2024年后炼化一体化转型升级项目（总投资超305亿元）建成120万吨/年乙烯，现有原油一次加工能力1000万吨/年、乙烯120万吨、合成树脂160万吨、合成橡胶20万吨，2025年化工品产量354万吨，共23套主体生产装置，为钦州石化产业园龙头。,原油,一次加工能力1000万吨/年；实际年度加工量公开数据未披露,高,https://www.chinanews.com/ ; http://www.gxzf.gov.cn/
20,广西华谊能源化工有限公司,C 石化·化工·锂电材料,钦州市·钦州港石化产业园,2016年4月成立，上海华谊控股集团全资（2026年华谊集团600623.SH拟受让51%股权），注册资本77.65亿元，2025年营收65.27亿元。一期C1/C2能源化工产业链2021年6月投产，主产甲醇200万吨/年、醋酸120-168万吨/年、乙二醇20万吨/年，醋酸全国市占率第一、全球第二。三期100万吨甲醇制烯烃及醋酸乙烯/EVA在建。,原料煤（内贸+外贸，经国投码头水运进厂）,一期工业气体岛设计年用煤量约342.8万吨（收到基）、日均约1万吨（工程方披露，非估算）,高,http://www.chd.com.cn/ ; http://www.gxzf.gov.cn/
21,广西华谊氯碱化工有限公司,C 石化·化工·锂电材料,钦州市·钦州港片区海豚路18号,2019年4月成立，上海氯碱化工600618.SH二级子公司，上海华谊控股，注册资本40.28亿元。一期30万吨/年烧碱、40万吨/年氯乙烯、40万吨/年聚氯乙烯，总投资44.52亿元，2022年11月投产；三期双氧水法环氧丙烷及聚醚多元醇在建；2025年拟增资8.93亿元建废盐综合利用项目。,原盐（卤水/海盐）,30万吨/年烧碱，按离子膜法吨碱耗盐1.5-1.6吨推算，年需原盐约45-50万吨（估算）,高,http://www.qinzhou.gov.cn/
22,广西华谊新材料有限公司,C 石化·化工·锂电材料,钦州市·钦州港片区海豚路1号,2019年1月成立，注册资本51.195亿元，隶属上海华谊控股集团（实控上海市国资委）。负责华谊钦州化工新材料一体化基地75万吨/年丙烷脱氢（PDH）制丙烯及下游深加工项目（总投资128亿元，2022年12月投产）、20万吨/年双酚A；在建32万吨/年丁辛醇及丙烯酸酯、2万吨/年阻聚剂等。,丙烷（低温丙烷，进口船运）,75万吨/年丙烯，按吨丙烯耗丙烷1.2-1.25吨推算，年需低温丙烷约90-95万吨（估算）,高,https://www.cinn.cn/ ; http://www.gxzf.gov.cn/
23,广西中伟新能源科技有限公司,C 石化·化工·锂电材料,钦州市·钦州港中马钦州产业园区,中伟新材料股份有限公司300919.SZ全资子公司，2021年2月注册、同年12月投产（255天）。规划总投资约330亿元、用地约5000亩、分三期，一期设计三元前驱体18万吨/年、硫酸镍溶液11万金吨/年、硫酸钴溶液1万金吨/年。依托印尼红土镍矿冶炼项目打通低冰镍—高冰镍—硫酸镍—高镍三元前驱体一体化（OESBF富氧侧吹）。母公司2025年营收481.4亿元，三元前驱体出货连续六年全球第一。,镍（冰镍/MHP/低冰镍，印尼自有基地海运进钦州）、钴、锂盐、锰源,按18万吨前驱体、高镍8系含镍约50%推算，年需镍金属约8-9万金吨（估算）；钴锰锂随产品结构浮动，未披露,高,https://www.cngrgf.com.cn/ ; https://www.news.cn/
24,广西华友新材料有限公司,C 石化·化工·锂电材料,玉林市博白县·龙潭产业园白平片区,2021年4月成立，浙江华友钴业603799.SH控股子公司，注册资本约25.88亿元，总投资33亿元，占地约420亩，员工1232人。主产硫酸镍液/晶体、硫酸钴液、硫酸锰液、电解镍、电解钴，具备年产12万吨电解镍及8000吨电钴规模。2025年营收203.57-207.38亿元，列广西企业100强第74位。,镍中间品（粗制氢氧化镍钴/冰镍，主要来自集团印尼湿法项目）、钴中间品,按12万吨电解镍+8000吨电钴推算，年需镍金属约12万金吨、钴金属约0.8-1万金吨量级（估算）,高,http://ltcyy.yulin.gov.cn/
25,广西华友锂业有限公司,C 石化·化工·锂电材料,玉林市博白县·龙潭产业园,2022年4月成立，华友钴业603799.SH全资子公司，注册资本15亿元。年产5万吨电池级锂盐项目占地368.83亩、总投资21.16亿元，2022年9月开工、2023年7月投产，规划2.77万吨电池级碳酸锂+2.53万吨氢氧化锂；已获批技改至6万吨锂盐。,锂辉石精矿,原料主要来自华友2021年收购的津巴布韦Arcadia锂矿；按吨锂盐耗约8吨标准精矿（6%品位）推算，5万吨锂盐年需精矿约40万吨（估算）,高,http://www.cs.com.cn/
26,广西雅保锂业有限公司,C 石化·化工·锂电材料,钦州市·钦州港经开区海豚路6号,前身为广西天源新能源材料有限公司（2017年12月成立），2021年9月美国雅保Albemarle以2亿美元收购、2022年10月完成交割、2023年3月更名，注册资本2.99亿美元，员工428人。运营钦州港锂转化工厂，设计年转化能力2.5万吨LCE，可产电池级碳酸锂与氢氧化锂；另有年产7.5万吨氢氧化锂节能技改及扩建规划、10万吨锂电池回收示范线。,锂辉石（澳洲进口）,按2.5万吨LCE、吨锂盐耗约8吨标准精矿推算，年需锂辉石精矿约20万吨（估算）,高,http://www.qinzhou.gov.cn/ ; http://www.gxzf.gov.cn/
27,广西埃索凯新材料科技有限公司,C 石化·化工·锂电材料,钦州市钦北区·皇马工业园四区,2017年7月成立，埃索凯科技股份有限公司全资子公司，注册资本3亿元，员工292人。15万吨/年高纯硫酸锰生产线2022年投产；工艺为锰矿加配煤经还原—硫酸浸出—除杂结晶，配套30万吨/年硫酸装置。客户含邦普循环、华友钴业、优美科、中冶瑞木等。2025年锰渣处置量74907吨。,锰矿（还原焙烧原料）、煤（还原剂）、硫磺（制酸）,15万吨硫酸锰对应锰矿按品位折算约25-30万吨/年（估算）；煤、硫磺单耗未披露,高,https://www.iskychem.cn/ ; http://www.qinbei.gov.cn/
28,广西川金诺化工有限公司,C 石化·化工·锂电材料,防城港市港口区榕木江大道53号,2017年5月成立，昆明川金诺化工300505.SZ持股93.64%，注册资本5.54亿元，员工约800人，占地500亩。2019年3月开工、2021年投产，现有15万吨/年湿法净化磷酸（75%-85%）、14万吨/年重（富）过磷酸钙、1.5万吨/年氟硅酸钠，2024年工业总产值19亿元；2025年P2O5产能预计31-33万吨。国家级专精特新小巨人。,磷矿（湿法酸主原料）、硫磺（配套30万吨硫酸/年）,按15万吨净化磷酸与14万吨重钙推算，年需磷矿石（30%左右品位）约50-60万吨（估算）；硫磺约10万吨/年（估算）,高,https://money.finance.sina.com.cn/
29,广西格派电池新材料有限公司,C 石化·化工·锂电材料,钦州市·钦州石化产业园鹿耳片区,上海格派镍钴材料股份有限公司投资主体，格派新能源电池材料一体化项目总投资101亿元（一期48亿元），2022年10月开工。一阶段年处理硫化镍精矿41万吨，产7000金吨电积镍、4万金吨硫酸镍、1万吨阴极铜、副产11万吨硫酸；二阶段加2万金吨高镍锍（计划2026年9月开工、2027年9月投产）。,硫化镍精矿（进口，一阶段年处理41万吨）、无烟煤（混合煤）,硫化镍精矿41万吨/年（一期设计值）；无烟煤24688.78吨/年（自治区发改委节能审查变更意见明确值，非估算）,高,http://fgw.gxzf.gov.cn/ ; http://www.qinzhou.gov.cn/
30,广西洋浦南华糖业集团股份有限公司,D 糖业·林浆纸,总部南宁市；基地崇左龙州、上林、百色田阳等,2000年8月进入广西设立首家制糖企业，实控人冯小华，民营，集团下辖116家成员企业、广西区内13家糖厂，糖厂主要分布于崇左、百色、南宁蔗区。资源需求以甘蔗为绝对主体，季节性极强（11月开榨、次年3-4月收榨）。集团日榨能力公开口径不一：广西日报报道约10.8万吨/日，工商口径18万吨/日（含云南临沧产区）。,甘蔗（榨季11月—次年4月）、电、取水、煤/蔗渣燃料；石灰石、硫磺未披露,龙州南华2025年12月技改投产后日榨2.5万吨、年榨300万吨；上林南华日榨4500吨、25/26榨季计划入蔗55.2万吨,高,https://www.gxypnh.com/ ; https://gxt.gxzf.gov.cn/
31,广西糖业集团有限公司（广糖集团）,D 糖业·林浆纸,南宁市青秀区（14家制糖公司分布全区）,2018年9月组建，注册资本29.33亿元，注册地南宁市青秀区七星路135号广西农垦大厦，属广西农垦/广西国控体系。拥有14家制糖公司，总资产约100亿元，具备日处理甘蔗8.6万吨、年产糖120万吨、年产食用酒精5万吨能力，入选2023年中国轻工业二百强。25/26榨季榨蔗858.31万吨、混合糖产量首破100万吨、日均榨蔗8.02万吨，混合糖产率12.74%，居全区八大糖业集团第3。,甘蔗（榨季11月底—次年4月）、电、取水；石灰石/硫磺未披露,日处理甘蔗8.6万吨；25/26榨季实榨858.31万吨、日均8.02万吨（政府/集团公开口径）,高,http://tyjt.gxnk.com.cn/ ; https://www.gxgkjt.com/
32,广西南宁东亚糖业集团（东亚糖业）,D 糖业·林浆纸,崇左市（扶绥、江州区等12家公司）,泰国两仪集团1993年起与崇左5家国营糖厂合资设立，现有12家公司，业务含制糖、生物质发电、肥料、酵母、饲料，员工3600余人，联系蔗农超10万户。另投资21.48亿元循环经济项目，蔗渣发电年上网绿电约1.5亿千瓦时。,甘蔗、电、取水、蔗渣（发电燃料）,原料蔗压榨能力约10万吨/日；24/25榨季总榨蔗820万吨、产糖105万吨，兑付蔗款约42亿元；崇左东亚单厂日榨2万吨,高,https://www.easugar.com/ ; https://www.gx.chinanews.com.cn/
33,斯道拉恩索（广西）浆纸有限公司,D 糖业·林浆纸,北海市铁山港区,浆纸公司2014年成立，北海工厂2016年5月投产，总投资8亿欧元；现具备年产60万吨食品级包装纸板、24万吨漂白化学热磨机械浆（BCTMP）、8万吨聚乙烯淋膜纸板能力，2025年获评广西先进级智能工厂、国家级绿色工厂。关联主体广西斯道拉恩索林业有限公司（2002年成立）经营桉树人工林约7.3万公顷，年产桉木原木70余万立方米，FSC/CFCC双认证。,桉木/木片、电、取水；BCTMP用双氧水、烧碱,自产桉木原木70万m³/年；BCTMP得率85%-90%，24万吨浆约需绝干木片27万吨、折湿木片约55万吨（估算）,高（品类）/中（数量）,http://www.beihai.gov.cn/
34,广西太阳纸业有限公司,D 糖业·林浆纸,北海市铁山港区海丝大道东路888号,2019年7月成立，注册资本30亿元，隶属山东太阳控股集团（太阳纸业002078体系），实控人李洪信。北海基地为林浆纸一体化项目，分两期建设、规划年制浆造纸能力350万吨；已建40万吨/年化机浆线；三期176万吨项目获自治区生态环境厅批复，新增61万吨化学浆、15万吨生活用纸、100万吨箱纸板，投资140亿元。,桉木片、松木/阔叶木木片、电、取水、煤/汽,化学浆得率45%-48%，61万吨浆需绝干木片约130万吨、折湿木片约260万吨，加化机浆约90万吨，合计约350万吨/年（估算）,中,https://sthjt.gxzf.gov.cn/
35,广西三威家居新材股份有限公司,D 糖业·林浆纸,梧州市万秀区（另在岑溪、贵港、贺州、北海设基地）,始创于1921年，注册资本约4.1亿元，注册地梧州市万秀区塘源工业区，民营资本控股。拥有6条人造板生产线，年产能超160万立方米（《中国人造板产业报告2025》口径153万m³、全国第九），在梧州、岑溪、贵港、贺州、北海布局5个生产区，配套年产5万吨甲醛、10-15万吨胶粘剂。首批国家林业重点龙头企业、国家绿色工厂。,木质原料（桉木、松木、杂木）、甲醇/尿素（制胶）、电、取水,每年约需木质原料170万吨，其中90%在梧州本地采购（2025年12月公开报道）；甲醛5万吨、胶粘剂10-15万吨,高,http://3sunway.com/
36,上汽通用五菱汽车股份有限公司,E 装备制造,柳州市,上汽集团、通用汽车、广西汽车集团合资。2025年产值1000.2亿元、同比增长24%，整车销量163.5万辆，新能源汽车年销100万辆（首破百万），出口26.7万台/套。入选国家首批领航级智能工厂培育名单，为唯一入选整车企业。,钢材（车身覆盖件、车架）、铝（推进以铝代铜轻量化）、铜、锂电材料、竹（全国首条汽车零部件以竹代塑全产业链）、电、取水,各类资源年采购量公开数据未披露,中,http://www.liuzhou.gov.cn/ ; https://gx.people.com.cn/

【备选】企业名称,所在地,简介与所需资源,,,,,,
广西贺州市宝利丰矿业有限公司,贺州市平桂区,隶属广西钜申矿业投资集团，2021年成立；平桂区大庙山大理岩矿山探明储量超1.52亿吨、生产规模500万吨/年；已形成120万吨超细碳酸钙、20万吨改性碳酸钙年产能。所需：大理岩（自采自用为主）。确定性：高
广西华纳新材料股份有限公司,南宁市武鸣区甘圩镇,主营纳米碳酸钙、轻质碳酸钙及功能粉体材料，纳米钙全国销量第一，2025年产值8.31亿元，国家级制造业单项冠军。所需：方解石/石灰岩。确定性：中
广西弗迪电池有限公司,南宁市青秀区,比亚迪002594.SZ控股，2022年4月开工、2023年3月投产，总投资140亿元，规划年产45GWh（后续口径55GWh）储能系统及动力电池，比亚迪全球单体最大电池工厂。所需：不直采矿产，间接拉动碳酸锂、硫酸镍、磷酸铁、石墨/石油焦。确定性：中
广西玉柴机器集团有限公司,玉林市,创建于1951年，主营柴油机、气体机及新能源动力系统。2025年发动机销量超60万台、同比增30%，1-11月工业总产值282.4亿元。所需：钢材/生铁、铸铝、铜、电、天然气；电机稀土永磁未披露。确定性：中
广西柳工机械股份有限公司（000528）,柳州市,深交所上市，控股股东广西柳工集团（区属国资），2025年营收331.44亿元、归母净利16.09亿元，海外收入占比47.65%。所需：钢材（第一大原料）、铜、橡胶、电、取水。确定性：中
