资源品种,需求企业,所在地,需求量级
铝土矿,中铝广西分公司（约600万吨/年）· 华银铝业（500-600万吨/年）· 信发铝电（约690万吨/年）,百色平果/德保/靖西,3家合计约1800-1900万吨/年（估算）
铁矿石 / 煤 / 废钢,柳钢集团 · 盛隆冶金 · 贵港钢铁,柳州/防城港/贵港,柳钢2025年实采铁矿石3048.69万吨、煤1447.48万吨、废钢324.36万吨
锰矿石,南方锰业集团 · 埃索凯新材料,崇左大新 / 钦州,南方锰业外购量未披露；埃索凯约25-30万吨/年（估算）
锡 / 锌 / 铅锑矿,华锡有色 · 中金岭南矿业,河池南丹、梧州岑溪 / 来宾武宣,以自有矿自给为主，外购量未披露
铜精矿,广西金川有色金属,防城港企沙,约310-350万吨/年（估算）
镍资源（冰镍/MHP/硫化镍精矿）,中伟新能源 · 华友新材料 · 格派电池新材料,钦州 / 玉林博白 / 钦州,中伟约8-9万金吨、华友约12万金吨、格派处理精矿41万吨/年（估算）
锂辉石精矿,华友锂业 · 雅保锂业,玉林博白 / 钦州,华友约40万吨、雅保约20万吨（估算）
磷矿 / 硫磺,川金诺化工 · 埃索凯新材料,防城港 / 钦州,川金诺磷矿石50-60万吨、硫磺约10万吨/年（估算）
石灰石（水泥用）,鱼峰水泥 · 华润水泥平南 · 兴业海螺 · 台泥贵港,柳州 / 贵港平南 / 玉林兴业 / 贵港覃塘,4家合计约2160-2560万吨/年（估算）
石英砂（硅质原料）,信义玻璃广西 · 新福兴硅科技,北海铁山港 / 北海合浦,信义125万吨（现）/250万吨（三期后），新福兴超100万吨/年
大理岩 / 方解石（碳酸钙）,贺州科隆粉体 ·（备选：宝利丰矿业、华纳新材料）,贺州平桂 / 南宁武鸣,科隆约300万吨/年以上（估算）
原油,中石油广西石化分公司,钦州港,一次加工能力1000万吨/年
原料煤（化工用）,华谊能源化工 · 埃索凯（还原煤）· 各水泥厂,钦州 / 钦州 / 全区,华谊约342.8万吨/年（工程方披露）
原盐,华谊氯碱化工,钦州,约45-50万吨/年（估算）
丙烷（轻烃）,华谊新材料,钦州,约90-95万吨/年（估算）
甘蔗,南华糖业 · 广糖集团 · 东亚糖业,崇左/南宁/百色/来宾等蔗区,广糖858万吨、东亚820万吨、南华单体厂（龙州300万吨）
桉木 / 木片,斯道拉恩索广西 · 太阳纸业北海 · 三威家居新材,北海 / 北海 / 梧州,三威约170万吨木质原料；太阳纸业约350万吨湿木片（估算）
竹,上汽通用五菱,柳州,以竹代塑全产业链，量未披露
水（取水权） / 电,全部36家,全区,建议按取水许可与用电户号逐厂核定
